1,What time does the advanced algorithms class start?
1,When are the office hours for the professor?
1,Can you explain the grading structure for this class?
1,Is there a midterm exam in this course?
1,What topics are covered in the class schedule?
1,Where can I find the syllabus for this course?
1,How are assignments and projects distributed throughout the semester?
1,What is the course textbook or recommended reading materials?
1,Are there any prerequisites for enrolling in this class?
1,Can you provide information about the final exam date?
1,What is the policy on late submissions for assignments?
1,Is attendance mandatory for this class?
1,How can I contact the professor outside of office hours?
1,Are there any group projects in this course?
1,"What is the grading scale for letter grades (e.g., A, B, C)?"
1,How do I access lecture notes or course materials online?
1,Is there a required attendance policy?
1,Are there any special accommodations for students with disabilities?
1,What is the class policy on academic integrity?
1,Can you explain the course objectives and learning outcomes?
1,What is the attendance policy for the advanced algorithms class?
1,How often are quizzes given throughout the semester?
1,Can you provide information on the professor's contact details?
1,Are there any group study sessions or study groups for this course?
1,Is there a course website or online platform for assignments and materials?
1,What is the policy on academic appeals or grade disputes?
1,Can you clarify the late submission policy for assignments?
1,Are there any required software tools or programming languages for the class?
1,How are exams and quizzes administered (online or in person)?
1,Is there a waiting list for students trying to enroll in the class?
1,What are the expectations for student participation in class discussions?
1,Can you explain the course's approach to collaborative projects?
1,Are there any recommended additional resources for further study?
1,What is the process for requesting extensions on assignments?
1,Are there any guest speakers or special events in this course?
1,"How is the course graded, and what percentage do assignments, exams, and projects carry?"
1,Can you provide an overview of the course's learning objectives?
1,How can students get feedback on their performance in the class?
1,What are the prerequisites for the advanced algorithms course?
1,Is there a syllabus or reading list available before the start of the class?
1,Are there any required or recommended programming languages for this course?
1,Can you provide details about the course's midterm and final exam formats?
1,How are absences due to illness or emergencies handled in the class?
1,Is there a course forum or discussion board for students to ask questions?
1,Can you explain the course policy on group assignments and collaboration?
1,What are the expectations for student presentations or project demonstrations?
1,Are there any resources available for students looking to get extra help?
1,How do I access past assignments and solutions for practice?
1,"What are the prerequisites for the advanced algorithms lab, if applicable?"
1,Can you clarify the policy on using external resources for assignments?
2,Is O(n) greater than O(n log n)?
2,How can I calculate the time complexity of an algorithm?
2,What is the time complexity of quicksort?
2,Can you compare the efficiency of bubble sort and merge sort?
2,Explain the Big O notation and its significance.
2,How does binary search work in terms of time complexity?
2,Compare the time complexity of linear search and binary search.
2,What is the difference between P and NP problems?
2,How do you calculate the space complexity of an algorithm?
2,Explain the concept of recursion in algorithms.
2,Can you provide an example of a divide and conquer algorithm?
2,What is the time complexity of a nested loop with n iterations?
2,How does dynamic programming help optimize algorithms?
2,Compare the time complexity of selection sort and insertion sort.
2,What are the advantages of using a hash table in algorithms?
2,How do you determine the best data structure for a specific problem?
2,Explain the concept of algorithmic efficiency.
2,What is the complexity of finding the Fibonacci sequence using recursion?
2,How does the Master Theorem apply to divide and conquer algorithms?
2,Can you provide an example of an NP-complete problem?
2,Compare the time complexity of Dijkstra's algorithm and A* search algorithm.
2,What is the time complexity of the Floyd-Warshall algorithm for all-pairs shortest paths?
2,Can you explain the concept of amortized analysis in data structures?
2,What is the role of computational complexity theory in algorithm design?
2,"How does the concept of ""in-place"" affect sorting algorithms?"
2,"What is the purpose of big data algorithms, and how do they differ from traditional algorithms?"
2,How does the space-time trade-off apply in algorithm design?
2,Explain the concept of NP-hardness in computational complexity.
2,How can one analyze and compare the efficiency of different sorting algorithms?
2,What are the key principles behind designing efficient data structures?
2,How can I implement a priority queue using a binary heap data structure?
2,What are the challenges of parallel computing in algorithm design?
2,Explain the concept of computational intractability and its implications.
2,How does the concept of divide and conquer apply to solving problems?
2,Can you provide a real-world example of a problem that can be solved using dynamic programming?
2,"How does the concept of ""recursion depth"" relate to recursive algorithms?"
2,Compare the time complexity of depth-first search and breadth-first search in graphs.
2,Explain the concept of greedy algorithms in optimization problems.
2,How does the concept of computational geometry relate to algorithms?
2,Can you provide an example of an algorithm with an exponential time complexity?
2,What is the time complexity of the Sieve of Eratosthenes algorithm for prime numbers?
2,How does the concept of NP-completeness relate to the P vs. NP problem?
2,Can you provide an example of a problem that can be solved using dynamic programming?
2,How do you approach solving problems using the divide and conquer strategy?
2,Explain the concept of parallel algorithms and their benefits.
2,What is the difference between a stable and an unstable sorting algorithm?
2,How can I analyze the worst-case time complexity of an algorithm?
2,What are some common data structures used in graph algorithms?
2,How do you implement a graph traversal algorithm for a weighted graph?
2,Can you provide a real-world example of a problem that can be solved using binary search?
3,How do I implement a merge sort algorithm?
3,What does O runtime complexity mean in algorithm analysis?
3,Explain the concept of a binary search tree.
3,How can I optimize a brute-force algorithm?
3,What is the purpose of algorithm analysis in computer science?
3,How do I calculate the factorial of a number using recursion?
3,Explain the difference between depth-first and breadth-first search.
3,Can you provide a step-by-step guide to solving a traveling salesman problem?
3,What is the significance of asymptotic analysis in algorithm design?
3,How can I improve the efficiency of a recursive algorithm?
3,What is the difference between a greedy algorithm and a dynamic programming approach?
3,How does the concept of space complexity relate to algorithms?
3,Can you explain the concept of algorithmic paradigms?
3,What is the role of heuristics in solving optimization problems?
3,How do you choose the best sorting algorithm for a particular dataset?
3,Explain the concept of a red-black tree in data structures.
3,What are some common examples of NP-hard problems?
3,How do you approach solving algorithmic puzzles and challenges?
3,How can I analyze the time and space complexity of a given algorithm?
3,What are some real-world applications of advanced algorithms in technology?
3,What is the difference between a linked list and an array in data structures?
3,How can I optimize a recursive Fibonacci sequence calculator?
3,Explain the concept of an AVL tree and its balancing factors.
3,How can I evaluate the efficiency of a brute-force algorithm?
3,What is the role of the Master Theorem in algorithm analysis?
3,Can you explain the concept of memoization in dynamic programming?
3,How do you handle edge cases and exceptions in algorithm design?
3,Explain the concept of NP-completeness and its importance.
3,How do you approach problem-solving using a backtracking algorithm?
3,What are the key considerations when designing a caching algorithm?
3,Can you provide an example of an algorithm that uses graph traversal?
3,How can I calculate the space complexity of a recursive algorithm?
3,"What is the purpose of randomized algorithms, and when are they used?"
3,How can you determine the best sorting algorithm for a specific dataset?
3,Explain the concept of a quadtree in spatial data structures.
3,How does the concept of reduction apply in computational complexity theory?
3,Can you provide a real-world application of dynamic programming in computer science?
3,How does the concept of amortized analysis apply in data structure design?
3,What are the challenges of solving the traveling salesman problem?
3,How do you evaluate the efficiency of an algorithm on large datasets?
3,How can I implement a breadth-first search algorithm for a tree data structure?
3,Explain the concept of NP-hardness and its implications in problem-solving.
3,"What is the purpose of randomized algorithms, and when are they suitable?"
3,How can I optimize a recursive algorithm for calculating the factorial of a number?
3,Can you provide an example of an algorithm that uses a greedy approach?
3,"What is the concept of memoization, and how does it improve recursive algorithms?"
3,How can you determine the best data structure for a specific problem?
3,How do you analyze the trade-offs between time and space complexity?
3,Can you provide an example of a problem that can be solved using a hash table?
3,Explain the concept of the traveling salesman problem and its significance.
